candidate_id,image_path,source,source_id,category,category_confidence,license,original_width,original_height,output_width,output_height,sha256,training_split,caption_file,validation_status
CAND_001,images/CAND_001.jpg,cma,156830,ring,MEDIUM,CC0 1.0 Universal (Public Domain),1122,893,1122,893,416c1cce52b88b49dab16f475a8b5bedade142ee4356eb42797f852a941d38a1,train,images/CAND_001.txt,VALID
CAND_002,images/CAND_002.jpg,cma,169258,ring,MEDIUM,CC0 1.0 Universal (Public Domain),900,598,900,598,89d4cc52302612f5efcfbc4e21d64cf8261a718a221d816b93ae225e62e44455,train,images/CAND_002.txt,VALID
CAND_004,images/CAND_004.jpg,cma,124065,ring,MEDIUM,CC0 1.0 Universal (Public Domain),900,626,900,626,5c21dee14d507d10225a5e084f69c4f78705c9734f8ff6e82b5a39a9048ce7c1,train,images/CAND_004.txt,VALID
CAND_006,images/CAND_006.jpg,cma,125638,ring,MEDIUM,CC0 1.0 Universal (Public Domain),900,808,900,808,1dce1ad4d09bcffede59580d5ce5a86c6c2075eea58885ecb3b1aea47b52382a,train,images/CAND_006.txt,VALID
CAND_007,images/CAND_007.jpg,cma,96642,ring,HIGH,CC0 1.0 Universal (Public Domain),900,866,900,866,0cd811fbeffb84c118bdea8ad93f38df72c2621f1860e79fdcc7c38e402d9b43,train,images/CAND_007.txt,VALID
CAND_009,images/CAND_009.jpg,cma,144941,ring,HIGH,CC0 1.0 Universal (Public Domain),900,749,900,749,656f3b5c77fdffaf954d77361030fe13b4b1b973e78572432814d31b1ff852b8,train,images/CAND_009.txt,VALID
CAND_010,images/CAND_010.jpg,cma,116825,ring,HIGH,CC0 1.0 Universal (Public Domain),750,678,750,678,6bddef9dbd72440ad2f76edd55e4766e8fd287452054dac8742c58becf2be04c,train,images/CAND_010.txt,VALID
CAND_012,images/CAND_012.jpg,cma,124068,ring,HIGH,CC0 1.0 Universal (Public Domain),900,696,900,696,2b8846f8cb44b5a7fe8a3af4a8b7d3ca7cde3e47627c7178809fc2e2c5344ea9,train,images/CAND_012.txt,VALID
CAND_013,images/CAND_013.jpg,cma,113908,ring,HIGH,CC0 1.0 Universal (Public Domain),849,893,849,893,549614f3ca92fafbf61d0161ecae3ed7bc22ac881c9d330761efe99b29759cb7,train,images/CAND_013.txt,VALID
CAND_014,images/CAND_014.jpg,cma,148019,ring,HIGH,CC0 1.0 Universal (Public Domain),795,900,795,900,66e3fe9a3c32c166fa723d66af302189e58824de35ff38f159bfb447789dce88,train,images/CAND_014.txt,VALID
CAND_015,images/CAND_015.jpg,cma,95494,ring,HIGH,CC0 1.0 Universal (Public Domain),900,605,900,605,343c7c795829362c3c7d1c7a08a53ab5ce1750f811e81139544d9d6a7d2dd2df,train,images/CAND_015.txt,VALID
CAND_016,images/CAND_016.jpg,cma,95516,ring,HIGH,CC0 1.0 Universal (Public Domain),900,580,900,580,b03417319de8fff75cbc30063285ed37a5aa57ca34d32dfbcc5763a8536aaf97,train,images/CAND_016.txt,VALID
CAND_017,images/CAND_017.jpg,cma,169272,ring,LOW,CC0 1.0 Universal (Public Domain),896,900,896,900,fbed22e00b9389e5ed028f0653398cc4feda18aea111fc08b110706145994779,train,images/CAND_017.txt,VALID
CAND_018,images/CAND_018.jpg,cma,112276,ring,HIGH,CC0 1.0 Universal (Public Domain),566,893,566,893,a3b3857967a59da14b192e5f9dafcbc52c7a09f2f582e785a867d69f491d79c7,train,images/CAND_018.txt,VALID
CAND_019,images/CAND_019.jpg,cma,152815,ring,HIGH,CC0 1.0 Universal (Public Domain),950,893,950,893,363ae1540e835018f0a98b56b155eab1bed39fffdee172b4a247918c32d26a20,train,images/CAND_019.txt,VALID
CAND_020,images/CAND_020.jpg,cma,95223,ring,HIGH,CC0 1.0 Universal (Public Domain),750,680,750,680,d3c9318a5133278ff38f0d3a644b339d2e5d22109caee09113691f3c68c80a00,train,images/CAND_020.txt,VALID
CAND_023,images/CAND_023.jpg,cma,125634,ring,HIGH,CC0 1.0 Universal (Public Domain),900,672,900,672,88a247561958db4fb9711b7cdd1e19e1c0472ce717144da78e227ca6b069879d,train,images/CAND_023.txt,VALID
CAND_024,images/CAND_024.jpg,cma,97471,ring,HIGH,CC0 1.0 Universal (Public Domain),750,682,750,682,5ef57ac11e2010c292578f3350058a19dee186bd7b1cfc64280a55c79609bdda,train,images/CAND_024.txt,VALID
CAND_025,images/CAND_025.jpg,cma,95256,ring,HIGH,CC0 1.0 Universal (Public Domain),1038,893,1038,893,c0971ba6e3140e457a2be4f1982162dc456589e2f9d3b11e419d39fac2aef823,train,images/CAND_025.txt,VALID
CAND_026,images/CAND_026.jpg,cma,140087,ring,HIGH,CC0 1.0 Universal (Public Domain),1002,893,1002,893,9eb7282b94782ba0c19ed4f4a4ef9285aaaf0b48b8d4a1608afdd9d8dd140966,train,images/CAND_026.txt,VALID
CAND_027,images/CAND_027.jpg,cma,97012,ring,HIGH,CC0 1.0 Universal (Public Domain),883,893,883,893,9219b31935ab189b29e9f711d2171e0a28812b2259bc832062747f5efa9f53ba,train,images/CAND_027.txt,VALID
CAND_028,images/CAND_028.jpg,cma,112308,ring,HIGH,CC0 1.0 Universal (Public Domain),750,627,750,627,0520686fa1461f2a0939c6054b9faf185cfa90fae25ab004a717d6f016ba540c,train,images/CAND_028.txt,VALID
CAND_029,images/CAND_029.jpg,cma,125636,ring,MEDIUM,CC0 1.0 Universal (Public Domain),900,773,900,773,fe8e312036d98c61d325f8b77eb7afcca60fc04c4b306a1a276e7664345225b0,train,images/CAND_029.txt,VALID
CAND_030,images/CAND_030.jpg,cma,125637,ring,MEDIUM,CC0 1.0 Universal (Public Domain),900,774,900,774,256eaf5fde4104ef74c96c1f8d680805a2ab3afff679282f707f6f241d9710e1,train,images/CAND_030.txt,VALID
CAND_031,images/CAND_031.jpg,cma,152837,ring,MEDIUM,CC0 1.0 Universal (Public Domain),1026,893,1026,893,fc0a27e0e3929b13607b053ce8a3c4ae5dd91f00285161ac5440e0c28c8e5b93,train,images/CAND_031.txt,VALID
CAND_032,images/CAND_032.jpg,cma,125639,ring,MEDIUM,CC0 1.0 Universal (Public Domain),900,825,900,825,4753334fcd3672b4afd888e9bff9c1a6c63956f9345dbfbe78296a170d692868,train,images/CAND_032.txt,VALID
CAND_033,images/CAND_033.jpg,cma,95483,earring,HIGH,CC0 1.0 Universal (Public Domain),825,893,825,893,f4c0d44bc620cb1f6d296018ac5e146befc2cbc516d41dac4fea5737634c29ae,train,images/CAND_033.txt,VALID
CAND_034,images/CAND_034.jpg,cma,161873,earring,HIGH,CC0 1.0 Universal (Public Domain),900,735,900,735,bddf7134d4c7dc5adfa1d5e6b5411f28040eeac18871d6f115421be79f4a61f5,train,images/CAND_034.txt,VALID
CAND_035,images/CAND_035.jpg,cma,113910,earring,HIGH,CC0 1.0 Universal (Public Domain),603,893,603,893,3852ed454c68ee560074ab4249e4fc124e739d0bbe5278dc441ae2e597a431e8,train,images/CAND_035.txt,VALID
CAND_036,images/CAND_036.jpg,cma,152011,earring,HIGH,CC0 1.0 Universal (Public Domain),900,513,900,513,fa3041eb816803ded8c67107234e6b258e81bf467dbafc51ae41986fcd5667f5,train,images/CAND_036.txt,VALID
CAND_037,images/CAND_037.jpg,cma,152012,earring,HIGH,CC0 1.0 Universal (Public Domain),770,893,770,893,61570e78d8cac08b75a5b31265c607d289e63268034f33592af1294ec3b37efa,train,images/CAND_037.txt,VALID
CAND_038,images/CAND_038.jpg,cma,125210,earring,HIGH,CC0 1.0 Universal (Public Domain),900,856,900,856,a23339a258915ab570cae07ef3bfe58e0722fcf379aea3b63895cb11a12c7280,train,images/CAND_038.txt,VALID
CAND_040,images/CAND_040.jpg,cma,125211,earring,HIGH,CC0 1.0 Universal (Public Domain),750,713,750,713,10ec13d117c3b29ddc4baaf3c5b2507d9bf204f539ad0a512419d35a6ce1e8da,train,images/CAND_040.txt,VALID
CAND_042,images/CAND_042.jpg,cma,152013,earring,HIGH,CC0 1.0 Universal (Public Domain),807,893,807,893,8923339760bd91a6e742e99373e23ac9f4a0407cad84220753b6a650d874e4fd,train,images/CAND_042.txt,VALID
CAND_044,images/CAND_044.jpg,cma,94681,earring,HIGH,CC0 1.0 Universal (Public Domain),900,636,900,636,81858fee640fd5b7fd79d2876722577b0195ceb8d849397d0b9b645b92672cf8,train,images/CAND_044.txt,VALID
CAND_046,images/CAND_046.jpg,cma,94775,earring,HIGH,CC0 1.0 Universal (Public Domain),900,688,900,688,6894f74437d65af927e2ec66894b732de97696fd0e8cc3d872c9f9cb2ab27e4d,train,images/CAND_046.txt,VALID
CAND_049,images/CAND_049.jpg,cma,94777,earring,HIGH,CC0 1.0 Universal (Public Domain),675,900,675,900,47db0ede457f69ff39f1eb36b5f3dfef353e3a95324d5f90aedb14d144ad5552,train,images/CAND_049.txt,VALID
CAND_051,images/CAND_051.jpg,cma,94776,earring,HIGH,CC0 1.0 Universal (Public Domain),602,900,602,900,8d5d1c3dd1a47c061fa96e4bcb20ee3d49c5174064e73cc5bb429db7c013ce42,train,images/CAND_051.txt,VALID
CAND_052,images/CAND_052.jpg,cma,153775,earring,HIGH,CC0 1.0 Universal (Public Domain),554,893,554,893,c9ac0f7b86f8cb2be330a18f9a96489f88ae0aad16af8585a91222b80a234049,train,images/CAND_052.txt,VALID
CAND_053,images/CAND_053.jpg,cma,125057,earring,HIGH,CC0 1.0 Universal (Public Domain),690,893,690,893,779fa2663cdabd823f4c400f3bbe3f647a06611b4949ff1821c8400de5c64de0,train,images/CAND_053.txt,VALID
CAND_054,images/CAND_054.jpg,cma,95589,earring,HIGH,CC0 1.0 Universal (Public Domain),1124,893,1124,893,034ea39aad4de3f2c1d7bfe02dea67b41232a149481be92ef620e6dc083ca5cb,train,images/CAND_054.txt,VALID
CAND_055,images/CAND_055.jpg,cma,152309,earring,HIGH,CC0 1.0 Universal (Public Domain),900,776,900,776,d1c556efceec649f3ca61f27599c0ff789fa48597683e43426d78ac01e5e4c0b,train,images/CAND_055.txt,VALID
CAND_057,images/CAND_057.jpg,cma,94682,earring,MEDIUM,CC0 1.0 Universal (Public Domain),775,900,775,900,2206b3d8776b0e31868d031e1646d168683a12c6c5bed38d7b4f46805b1f19f8,train,images/CAND_057.txt,VALID
CAND_059,images/CAND_059.jpg,cma,96654,earring,MEDIUM,CC0 1.0 Universal (Public Domain),607,900,607,900,b6878995d5247e85667adef98a8b126c3771e7ece968298ca41fc92710844a60,train,images/CAND_059.txt,VALID
CAND_060,images/CAND_060.jpg,cma,96655,earring,MEDIUM,CC0 1.0 Universal (Public Domain),653,900,653,900,d2f6fc01a8bde519458de4a67e978fb9381930dd7c78b16a35ede83075fbc91d,train,images/CAND_060.txt,VALID
CAND_061,images/CAND_061.jpg,cma,95540,earring,MEDIUM,CC0 1.0 Universal (Public Domain),742,900,742,900,d4166c986b07e07b5acb6cd22cc8ac583d00b88c90d1927250918ef1944a3ec1,train,images/CAND_061.txt,VALID
CAND_062,images/CAND_062.jpg,cma,96464,earring,MEDIUM,CC0 1.0 Universal (Public Domain),770,900,770,900,5969ad7ba0ce9a05ea02f0ac2c8301d49b76dd9f341b760b1e1d62552b4179c1,train,images/CAND_062.txt,VALID
CAND_063,images/CAND_063.jpg,cma,130309,pendant,HIGH,CC0 1.0 Universal (Public Domain),869,900,869,900,94fe0d7a07953375ec546a1e759cc965ee987190d6c25e72d3f30e27fdac558d,train,images/CAND_063.txt,VALID
CAND_064,images/CAND_064.jpg,cma,123778,pendant,HIGH,CC0 1.0 Universal (Public Domain),900,824,900,824,ab516049c84f82cf018ea7a12f49dea394bdb615ef504ffe931b657b39a1fa83,train,images/CAND_064.txt,VALID
CAND_065,images/CAND_065.jpg,cma,167682,pendant,HIGH,CC0 1.0 Universal (Public Domain),660,893,660,893,b46fb119672981c54c8e593e8a9d867c839d140c90bace8b95219bb3e203538a,train,images/CAND_065.txt,VALID
CAND_067,images/CAND_067.jpg,cma,134178,pendant,HIGH,CC0 1.0 Universal (Public Domain),1093,893,1093,893,9a1fe3b6919971c14728dab31977804264851653c59440ca0efb1c47fe1b4308,train,images/CAND_067.txt,VALID
CAND_068,images/CAND_068.jpg,cma,142837,pendant,HIGH,CC0 1.0 Universal (Public Domain),685,900,685,900,a39e658d51f8d7cb489676ac7c82b45384a15fb1c79d8356168c8dc158f664b0,train,images/CAND_068.txt,VALID
CAND_069,images/CAND_069.jpg,cma,125587,pendant,HIGH,CC0 1.0 Universal (Public Domain),594,893,594,893,f1e9fcdb2f20061d2365bca4ec8e5ae4be82cc169db08c0602048279c83d2e50,train,images/CAND_069.txt,VALID
CAND_070,images/CAND_070.jpg,cma,118479,pendant,HIGH,CC0 1.0 Universal (Public Domain),1012,893,1012,893,dc9f16db03d968527f7d10c63b29e6703589c7e08db143a7c076d07bb1d7b4d2,train,images/CAND_070.txt,VALID
CAND_071,images/CAND_071.jpg,cma,123041,pendant,HIGH,CC0 1.0 Universal (Public Domain),900,806,900,806,a8f6342a2071c9fb1ce773c68eb807e3253f97e1eef580b78fb96a257cfbd30e,train,images/CAND_071.txt,VALID
CAND_072,images/CAND_072.jpg,cma,123039,pendant,HIGH,CC0 1.0 Universal (Public Domain),991,893,991,893,fb1613735872d4ad75333fac3be4bd5f787400b2e69b074cc7e5497c682dc890,train,images/CAND_072.txt,VALID
CAND_073,images/CAND_073.jpg,cma,129898,pendant,HIGH,CC0 1.0 Universal (Public Domain),964,893,964,893,77d297c6efb7787b8be4cf155a8c703c36ed6c2c141677eb790f1f5d8de6567f,train,images/CAND_073.txt,VALID
CAND_075,images/CAND_075.jpg,cma,141926,pendant,HIGH,CC0 1.0 Universal (Public Domain),975,893,975,893,a7dddb2b2d818dff1a6c88c72cc323c25ff5b6b658463903bd036215bde2a620,train,images/CAND_075.txt,VALID
CAND_076,images/CAND_076.jpg,cma,157567,pendant,HIGH,CC0 1.0 Universal (Public Domain),762,900,762,900,9168adf896e655041b2226a196b5711598eb1b9d9023da0b1d0b2d4dad4e93a0,train,images/CAND_076.txt,VALID
CAND_077,images/CAND_077.jpg,cma,115163,pendant,HIGH,CC0 1.0 Universal (Public Domain),808,900,808,900,d128632ddde811eb56518861f1da2d5fd60a6a9a4b112198e87d7876fb095c82,train,images/CAND_077.txt,VALID
CAND_078,images/CAND_078.jpg,cma,160142,pendant,HIGH,CC0 1.0 Universal (Public Domain),719,893,719,893,a718b468245075da602387a2553d0e70431580e4101ce597f3d09c4d94552c97,train,images/CAND_078.txt,VALID
CAND_079,images/CAND_079.jpg,cma,154807,pendant,HIGH,CC0 1.0 Universal (Public Domain),714,893,714,893,721501cbdda13f2e06e0577fffe0e9f196771727d5db67b6a6b70581de7b05f3,train,images/CAND_079.txt,VALID
CAND_080,images/CAND_080.jpg,cma,172471,pendant,HIGH,CC0 1.0 Universal (Public Domain),900,675,900,675,362c60fbd2c501f412bb36829cb508e1c208bfc90f80c6438a7126719378f16f,train,images/CAND_080.txt,VALID
CAND_081,images/CAND_081.jpg,cma,172387,pendant,HIGH,CC0 1.0 Universal (Public Domain),675,900,675,900,fbf3041189991dbf75e6b5e9dd8e1103d00c90b4d09ba287595047e41f9133e0,train,images/CAND_081.txt,VALID
CAND_082,images/CAND_082.jpg,cma,129836,pendant,HIGH,CC0 1.0 Universal (Public Domain),1263,786,1263,786,126339b881936bc2d59ed9e3a77d56fa940d38ab7ab360ff040aea34b0b07e15,train,images/CAND_082.txt,VALID
CAND_083,images/CAND_083.jpg,cma,132047,pendant,HIGH,CC0 1.0 Universal (Public Domain),598,893,598,893,1ff2ac29b04fe06183df682a1def9e85819fda8ee7e6655a39d23bdeae9a9ecd,train,images/CAND_083.txt,VALID
CAND_084,images/CAND_084.jpg,cma,157568,pendant,HIGH,CC0 1.0 Universal (Public Domain),720,900,720,900,537ac5b9cf337e11c66bfe46f44717ef0dfa33d4e18d8df56dd8aadd6998de88,train,images/CAND_084.txt,VALID
CAND_085,images/CAND_085.jpg,cma,118475,pendant,HIGH,CC0 1.0 Universal (Public Domain),924,893,924,893,ff0b0da44a4edf293af3c3e7d55661e0d4e0435ae35c63dfb81dcb6e4cb592f1,train,images/CAND_085.txt,VALID
CAND_086,images/CAND_086.jpg,cma,125101,pendant,HIGH,CC0 1.0 Universal (Public Domain),735,893,735,893,ad5424cd578e7fd5c72e4d1ea16b771575a5dc67604754fff778eacf9fe2a79f,train,images/CAND_086.txt,VALID
CAND_087,images/CAND_087.jpg,cma,155432,pendant,HIGH,CC0 1.0 Universal (Public Domain),879,893,879,893,d70a7d26472d9403d6e7f0a1284cb3c052ea5014d436748d289040df20bcc000,train,images/CAND_087.txt,VALID
CAND_089,images/CAND_089.jpg,met,547933,pendant,HIGH,CC0 1.0 Universal (Public Domain),568,625,568,625,315558623548dc439d1da723ae14f1625a9fbd35803014117d88ac042d307af7,train,images/CAND_089.txt,VALID
CAND_090,images/CAND_090.jpg,met,207259,pendant,HIGH,CC0 1.0 Universal (Public Domain),518,624,518,624,1358b7bb8e66e328b73eff91a40d359bc81ff51ac2619e7f34704c0e106b6138,train,images/CAND_090.txt,VALID
CAND_091,images/CAND_091.jpg,met,449929,pendant,HIGH,CC0 1.0 Universal (Public Domain),600,609,600,609,6d6166d97bd6834b4b8169eed03503d314f66d77b2ff6ea799e2ae4e4b3e593e,train,images/CAND_091.txt,VALID
CAND_092,images/CAND_092.jpg,cma,169593,pendant,MEDIUM,CC0 1.0 Universal (Public Domain),709,900,709,900,8591a7672ccf543bd56ae814945ac9ead92aa22388c93c11b35f450e87315e22,train,images/CAND_092.txt,VALID
CAND_093,images/CAND_093.jpg,cma,126673,pendant,MEDIUM,CC0 1.0 Universal (Public Domain),1166,893,1166,893,f60741c0ab55d0c0af05751e203a785e1530451b78c63f71990f0371bf4dbf01,train,images/CAND_093.txt,VALID
CAND_094,images/CAND_094.jpg,cma,94773,pendant,MEDIUM,CC0 1.0 Universal (Public Domain),838,900,838,900,7dd7701096f443906795ce3a1aca5ea87c2115a2a3d781d5354ef3e83e0cb51b,train,images/CAND_094.txt,VALID
CAND_095,images/CAND_095.jpg,cma,128185,pendant,MEDIUM,CC0 1.0 Universal (Public Domain),773,893,773,893,035bd7e3ae91eced4aa80b02d8b2f750e94e333ef043402b313da5ba37a361e6,train,images/CAND_095.txt,VALID
CAND_096,images/CAND_096.jpg,cma,123038,pendant,MEDIUM,CC0 1.0 Universal (Public Domain),1263,795,1263,795,aaf3bbd2070c6e73cd715a5675c928c072817cc853b02cd864a9820bba152614,train,images/CAND_096.txt,VALID
CAND_097,images/CAND_097.jpg,cma,130373,pendant,MEDIUM,CC0 1.0 Universal (Public Domain),930,893,930,893,9deda7922271273d17c13ea2fa3536911e487549efddc0d352b02d1eaf3f9ee3,train,images/CAND_097.txt,VALID
CAND_098,images/CAND_098.jpg,cma,128824,pendant,MEDIUM,CC0 1.0 Universal (Public Domain),596,900,596,900,45b2838c6582683ace0991fc0fcbf0809674f323fb4353d2c636b3a1a43b0fcc,train,images/CAND_098.txt,VALID
CAND_099,images/CAND_099.jpg,cma,148724,pendant,MEDIUM,CC0 1.0 Universal (Public Domain),764,893,764,893,2b5f54e896eb69cd543fd5084dbf75bab2adaf3443a4658589cc6373ea6ff638,train,images/CAND_099.txt,VALID
CAND_100,images/CAND_100.jpg,cma,128825,pendant,MEDIUM,CC0 1.0 Universal (Public Domain),761,900,761,900,36fefbc5143cee22c8542c907fc4f691ba492d71315bc3e8a824a28de402a93e,train,images/CAND_100.txt,VALID
CAND_101,images/CAND_101.jpg,cma,130310,pendant,MEDIUM,CC0 1.0 Universal (Public Domain),1183,893,1183,893,87a2f437b3f3b5a140d83d92b0f8537557b5117c666039e9caa7af67ff998653,train,images/CAND_101.txt,VALID
CAND_102,images/CAND_102.jpg,cma,128159,pendant,MEDIUM,CC0 1.0 Universal (Public Domain),1263,758,1263,758,99ce87d031db6cfebcb4a45178448a646f508b1f2fe7303cbad654cd5d6e6b08,train,images/CAND_102.txt,VALID
CAND_103,images/CAND_103.jpg,cma,160346,pendant,MEDIUM,CC0 1.0 Universal (Public Domain),750,616,750,616,841ddf459e3c7ca0b2ef2a7e6043da794ad1c82ec88a0d9702e068c5e6a05d9a,train,images/CAND_103.txt,VALID
CAND_104,images/CAND_104.jpg,cma,121810,pendant,MEDIUM,CC0 1.0 Universal (Public Domain),731,893,731,893,98bd8058646346d043661ff5f232465e552f2f7b411d6b95b7e8a0a5ee81811c,train,images/CAND_104.txt,VALID
CAND_105,images/CAND_105.jpg,cma,125175,pendant,MEDIUM,CC0 1.0 Universal (Public Domain),889,893,889,893,5bb618b984551c0a576f6ad3142777c6f85b55bbc6bc164d00212f8db98153c8,train,images/CAND_105.txt,VALID
CAND_106,images/CAND_106.jpg,cma,138879,pendant,MEDIUM,CC0 1.0 Universal (Public Domain),1224,893,1224,893,cbcd1e60d4c9ff78ab90eeeac0a0b29ea9e81bbe45e0f602ecf75bd9ab0c098d,train,images/CAND_106.txt,VALID
CAND_107,images/CAND_107.jpg,cma,123037,pendant,MEDIUM,CC0 1.0 Universal (Public Domain),715,893,715,893,2d84c5ce51ffce223a683347f91ba0736612919eba16050b18501fe21452de0e,train,images/CAND_107.txt,VALID
CAND_108,images/CAND_108.jpg,cma,168754,pendant,MEDIUM,CC0 1.0 Universal (Public Domain),772,893,772,893,fce65b677bf298f1185db32cd41a6c48066a181672df0836537dc2048252c837,train,images/CAND_108.txt,VALID
CAND_109,images/CAND_109.jpg,cma,134725,pendant,MEDIUM,CC0 1.0 Universal (Public Domain),702,893,702,893,5e41d6503a96558f98ef55be1a6403219b9714c0701f7e4090b0c236d8ce76d2,train,images/CAND_109.txt,VALID
CAND_110,images/CAND_110.jpg,cma,692272,necklace,HIGH,CC0 1.0 Universal (Public Domain),726,900,726,900,a86649e48830f02c93549ec109d58815a25a8aa678a221b3b232d002dd59d8a2,train,images/CAND_110.txt,VALID
CAND_111,images/CAND_111.jpg,cma,147565,necklace,HIGH,CC0 1.0 Universal (Public Domain),900,528,900,528,4ceb9b001bce3a9d485e39bd79f6bcbf7f79eba4195d9b947d6a646c95fc5ca3,train,images/CAND_111.txt,VALID
CAND_112,images/CAND_112.jpg,cma,125586,necklace,HIGH,CC0 1.0 Universal (Public Domain),749,893,749,893,863470d1d36e055c7dbe7788b57b8cfbae4a2d3c47aeb0b54725f28e53d3cbfd,train,images/CAND_112.txt,VALID
CAND_113,images/CAND_113.jpg,cma,156852,necklace,HIGH,CC0 1.0 Universal (Public Domain),900,774,900,774,61889b897271a69583693fde9f01822507b3df6bbd9ea6bc8a3dbce9bde90aab,train,images/CAND_113.txt,VALID
CAND_115,images/CAND_115.jpg,cma,692269,necklace,HIGH,CC0 1.0 Universal (Public Domain),678,900,678,900,2b6d3b48450b38998afcb0ad930482c086089a37c80bf931d52aa930655938bf,train,images/CAND_115.txt,VALID
CAND_116,images/CAND_116.jpg,cma,135157,necklace,HIGH,CC0 1.0 Universal (Public Domain),782,893,782,893,5675c90ed1ff8b8ca15302ed6c164571c973df09e457658b4fa1b3fb0af215a1,train,images/CAND_116.txt,VALID
CAND_117,images/CAND_117.jpg,cma,692270,necklace,HIGH,CC0 1.0 Universal (Public Domain),656,900,656,900,abbae65fb056fda29ad9744e63bcf1a81d97e5b95bb814f402255fa24b43e081,train,images/CAND_117.txt,VALID
CAND_118,images/CAND_118.jpg,cma,156851,necklace,HIGH,CC0 1.0 Universal (Public Domain),864,900,864,900,622e8726148006eba2516d488c369c980ca9df509e70b0055acee0bb30e50803,train,images/CAND_118.txt,VALID
CAND_119,images/CAND_119.jpg,cma,692271,necklace,HIGH,CC0 1.0 Universal (Public Domain),663,900,663,900,2c408cb959d9f49be486dd114e5ce5d56da195783b4e67da78400c93a72d8dbe,train,images/CAND_119.txt,VALID
CAND_120,images/CAND_120.jpg,cma,156849,necklace,HIGH,CC0 1.0 Universal (Public Domain),900,554,900,554,1e1e5357ff31b3ebf9e3648e890406d3c47b51e5f085578e79ee81b87b4246e6,train,images/CAND_120.txt,VALID
CAND_122,images/CAND_122.jpg,cma,124415,necklace,HIGH,CC0 1.0 Universal (Public Domain),890,893,890,893,783335eac51c033205b0e9ec9745fc623ff152e81540fe8fbf6fd677cf6010a7,train,images/CAND_122.txt,VALID
CAND_123,images/CAND_123.jpg,cma,692273,necklace,HIGH,CC0 1.0 Universal (Public Domain),653,900,653,900,7b2415a2e40c3a7ea6ced696703e5d1c34ba54268a2e470f25c0367bc2add1d3,train,images/CAND_123.txt,VALID
CAND_124,images/CAND_124.jpg,cma,168479,necklace,HIGH,CC0 1.0 Universal (Public Domain),1038,893,1038,893,71dbf1deed5b1f7316c8e9b18e1ff782dc375b36b543d2a258812e66c7d4c357,train,images/CAND_124.txt,VALID
CAND_125,images/CAND_125.jpg,cma,159023,necklace,HIGH,CC0 1.0 Universal (Public Domain),750,730,750,730,2a11ab7ea442e43320aca015b7f43e77a4bd87c055a781a68e69f756582d80f3,train,images/CAND_125.txt,VALID
CAND_126,images/CAND_126.jpg,cma,109609,necklace,HIGH,CC0 1.0 Universal (Public Domain),1080,893,1080,893,b67e432015dfbf34580052d364d647c5bc11a5acd3d6352b02053cbea8649646,train,images/CAND_126.txt,VALID
CAND_129,images/CAND_129.jpg,cma,147529,necklace,MEDIUM,CC0 1.0 Universal (Public Domain),900,857,900,857,7b3d0a6907f6ae454dfc4a46b7a19d2148aca5cbd032401d4112eb283e8d5eab,train,images/CAND_129.txt,VALID
CAND_132,images/CAND_132.jpg,cma,155557,necklace,MEDIUM,CC0 1.0 Universal (Public Domain),1263,769,1263,769,a94f78d8c4ae4604ec408973475570069b7cf35e3750a56decdab764a777169f,train,images/CAND_132.txt,VALID
CAND_133,images/CAND_133.jpg,cma,161874,necklace,MEDIUM,CC0 1.0 Universal (Public Domain),816,900,816,900,ac70972aa453f73525c2a8ad605e674650ca1c4c6a01973ac590866c9c3e27d7,train,images/CAND_133.txt,VALID
CAND_136,images/CAND_136.jpg,cma,132315,necklace,MEDIUM,CC0 1.0 Universal (Public Domain),772,893,772,893,c6c64360c0b5e8e6436aa3da7a80793ad19acd90b859e012dff1e10d86e9bca8,train,images/CAND_136.txt,VALID
CAND_139,images/CAND_139.jpg,cma,128180,necklace,MEDIUM,CC0 1.0 Universal (Public Domain),603,893,603,893,10e6935a6a37ac619ae2f64031dd6b444f1c459a5b14723aa205acfccaa1e38f,train,images/CAND_139.txt,VALID
CAND_144,images/CAND_144.jpg,cma,148732,bracelet,HIGH,CC0 1.0 Universal (Public Domain),1129,893,1129,893,b18e44c5f6d5165858b5ed5d53f1ffa48e473a7d406a1e6f8569accda72feb78,train,images/CAND_144.txt,VALID
CAND_145,images/CAND_145.jpg,cma,148733,bracelet,HIGH,CC0 1.0 Universal (Public Domain),1198,893,1198,893,269c821f84118d273b00f7ebfbdd9a066953444e2744767dd36fc82f7f8990c4,train,images/CAND_145.txt,VALID
CAND_149,images/CAND_149.jpg,cma,96833,bracelet,HIGH,CC0 1.0 Universal (Public Domain),1132,893,1132,893,021c3f8663bddf56183d76a0212f80016919d3562394c2173f8e5367b9b03431,train,images/CAND_149.txt,VALID
CAND_151,images/CAND_151.jpg,cma,112277,bracelet,HIGH,CC0 1.0 Universal (Public Domain),1263,761,1263,761,47a207467c10f71dc93a180b00d99cb982f5c881beb38df5af085e83f0e90607,train,images/CAND_151.txt,VALID
CAND_152,images/CAND_152.jpg,cma,153209,bracelet,HIGH,CC0 1.0 Universal (Public Domain),750,710,750,710,8d9056f9f2710f6cb19597841e4883d763f04e5c66b68f390b135e2f5a4a0208,train,images/CAND_152.txt,VALID
CAND_153,images/CAND_153.jpg,cma,96879,bracelet,MEDIUM,CC0 1.0 Universal (Public Domain),900,835,900,835,2bdc897806a97a5dbe511d1a902ae065883f59450204f8ead952a09347318c7b,train,images/CAND_153.txt,VALID
CAND_154,images/CAND_154.jpg,cma,96663,bracelet,MEDIUM,CC0 1.0 Universal (Public Domain),900,555,900,555,627431b275bd1843593dc52a28d5ad0968b8d4f251b4a7d6e64d8e167b4c3834,train,images/CAND_154.txt,VALID
CAND_155,images/CAND_155.jpg,cma,96659,bracelet,MEDIUM,CC0 1.0 Universal (Public Domain),843,900,843,900,ed57e74e5857306ed2aaaa6fc38ccc9e1973f9946abbdc342042d3667dbf061c,train,images/CAND_155.txt,VALID
CAND_156,images/CAND_156.jpg,cma,94673,bracelet,MEDIUM,CC0 1.0 Universal (Public Domain),1263,807,1263,807,caf503655106330f3296950f71c4598e08d02a6a3e2542e947f456cde9ce7951,train,images/CAND_156.txt,VALID
CAND_158,images/CAND_158.jpg,cma,94957,bracelet,MEDIUM,CC0 1.0 Universal (Public Domain),1263,753,1263,753,dbe0cf9a58129d70c66a4da443e8752651e4d500143f9124a1d82ed153eaccdb,train,images/CAND_158.txt,VALID
CAND_160,images/CAND_160.jpg,cma,96467,bracelet,MEDIUM,CC0 1.0 Universal (Public Domain),900,638,900,638,efe47e60d28fc7c09013ab3af74aabadd95f74576673f54273db30d15606af07,train,images/CAND_160.txt,VALID
CAND_162,images/CAND_162.jpg,cma,147562,bangle,HIGH,CC0 1.0 Universal (Public Domain),900,654,900,654,3f585ff570e137d61200013b8bcd19eff26ff31258a53033e62b180b13c42ce7,train,images/CAND_162.txt,VALID
CAND_163,images/CAND_163.jpg,cma,147564,bangle,HIGH,CC0 1.0 Universal (Public Domain),986,893,986,893,e02106cd6f6e2bf44a3fd1c5e9a39a22beb15d9fb1f41f73b86724f04bcb402a,train,images/CAND_163.txt,VALID
CAND_164,images/CAND_164.jpg,cma,147563,bangle,HIGH,CC0 1.0 Universal (Public Domain),1010,893,1010,893,06a63fc37309056e9a296ef5350397034cea72245b550604100f53b4a31f78f3,train,images/CAND_164.txt,VALID
CAND_169,images/CAND_169.jpg,cma,167666,brooch,HIGH,CC0 1.0 Universal (Public Domain),871,893,871,893,9775bdad351cac481fc12e826077b04546c40a726611ab9ab55315bad9d60cb1,train,images/CAND_169.txt,VALID
CAND_170,images/CAND_170.jpg,cma,111709,brooch,HIGH,CC0 1.0 Universal (Public Domain),880,893,880,893,74974e788aa00abe736ec261ebd1060136b491e6fe51530e3a5db43e50ed2d09,train,images/CAND_170.txt,VALID
CAND_171,images/CAND_171.jpg,cma,111711,brooch,HIGH,CC0 1.0 Universal (Public Domain),666,893,666,893,41dd6a044d415bf173f0d09acc5ba1b5c7c18879afef0c3606ee307c25f546f3,train,images/CAND_171.txt,VALID
CAND_172,images/CAND_172.jpg,cma,111710,brooch,HIGH,CC0 1.0 Universal (Public Domain),781,893,781,893,630165bb49f7533e22a8b90a99019c9ae104d1bbc08b1b2b57ac3d860682b85e,train,images/CAND_172.txt,VALID
CAND_173,images/CAND_173.jpg,cma,111708,brooch,HIGH,CC0 1.0 Universal (Public Domain),798,893,798,893,f9fbc81fee1e413616abc9d9bd1255a5fcb0798bc4cd0f44187161b39d6a6739,train,images/CAND_173.txt,VALID
CAND_174,images/CAND_174.jpg,cma,111703,brooch,HIGH,CC0 1.0 Universal (Public Domain),750,737,750,737,07c9c155dc6ccb8fd36ff6a76a120d929694e0d29189753b24a5bb1249b54753,train,images/CAND_174.txt,VALID
CAND_175,images/CAND_175.jpg,cma,111706,brooch,HIGH,CC0 1.0 Universal (Public Domain),653,893,653,893,306d422698768f9f44f70d074a0ac90f69f0a3c5bf788ee6835dd747a0a53599,train,images/CAND_175.txt,VALID
CAND_176,images/CAND_176.jpg,cma,111707,brooch,HIGH,CC0 1.0 Universal (Public Domain),887,893,887,893,1afc1ec920883943b289d5698b06f9a6c930c0d08b0ac6b31923151012ac5068,train,images/CAND_176.txt,VALID
CAND_178,images/CAND_178.jpg,cma,111705,brooch,HIGH,CC0 1.0 Universal (Public Domain),630,893,630,893,76ee871a7e5891ee453d74410156d43d7b247c43e0fccb996f3914dd159b40b2,train,images/CAND_178.txt,VALID
CAND_180,images/CAND_180.jpg,cma,111712,brooch,MEDIUM,CC0 1.0 Universal (Public Domain),750,738,750,738,a53b75e836ff8231a7e5258f6546a5ad031c0e23a4af2169c2f621bc34acd3ee,train,images/CAND_180.txt,VALID
CAND_181,images/CAND_181.jpg,cma,99394,brooch,MEDIUM,CC0 1.0 Universal (Public Domain),690,893,690,893,d7ede6618b4e28d8a227278dbf692f7068227b94935521372ce8ce41f96d1459,train,images/CAND_181.txt,VALID
CAND_184,images/CAND_184.jpg,cma,125583,brooch,MEDIUM,CC0 1.0 Universal (Public Domain),632,900,632,900,93c5c0428b39d4acb74ce29df571c089add9bd140c8c979c4846f8376dca2a46,train,images/CAND_184.txt,VALID
CAND_185,images/CAND_185.jpg,cma,99396,brooch,MEDIUM,CC0 1.0 Universal (Public Domain),900,878,900,878,e6692ccbb97779b01d9d5e9e197fab282648ec20168cfffb88e1fdf7ca2ea893,train,images/CAND_185.txt,VALID
CAND_190,images/CAND_190.jpg,met,312694,earring,HIGH,CC0 1.0 Universal (Public Domain),599,589,599,589,c16c26dcc7b110be57c55278a61629e9f542e6f89b655612d560057a900328a0,train,images/CAND_190.txt,VALID
CAND_196,images/CAND_196.jpg,cma,128815,bracelet,HIGH,CC0 1.0 Universal (Public Domain),1263,841,1263,841,3b18d0cec9d585fbed8ea561807bf1f7d2884af32d8a38946e4eab1ffb71b9d8,train,images/CAND_196.txt,VALID
CAND_209,images/CAND_209.jpg,met,452991,brooch,HIGH,CC0 1.0 Universal (Public Domain),513,624,513,624,01e0e9fc4bcb8e4233479aee38af8fb2df80520f44b6bc146af233fc534db260,train,images/CAND_209.txt,VALID
CAND_211,images/CAND_211.jpg,met,316427,other,LOW,CC0 1.0 Universal (Public Domain),518,624,518,624,42a118f9a43586de0ebd038c6946c05bf90ffd6a3776d97dc09996ee389f5b6b,train,images/CAND_211.txt,VALID
CAND_213,images/CAND_213.jpg,met,473485,pendant,HIGH,CC0 1.0 Universal (Public Domain),581,625,581,625,fd23b04f874663d41a0fee73995e677ff0a3b408117d90ace086be03c198c132,train,images/CAND_213.txt,VALID
CAND_214,images/CAND_214.jpg,cma,148196,bracelet,MEDIUM,CC0 1.0 Universal (Public Domain),599,900,599,900,f30d02a5e48c14ce889159ea0e69509a328f1b3f40cf69bfc4ad72069bef33f7,train,images/CAND_214.txt,VALID
CAND_216,images/CAND_216.jpg,cma,134845,earring,HIGH,CC0 1.0 Universal (Public Domain),689,900,689,900,95068ddf161eca1451a20182fb25c5b340e79f36754e1cfcdac1847677f1debd,train,images/CAND_216.txt,VALID
CAND_225,images/CAND_225.jpg,cma,128161,other,MEDIUM,CC0 1.0 Universal (Public Domain),1058,893,1058,893,3b67d31655b298146bfb66f24daa38ae4ccaba8005af15a3827b5c4b0ac8cbf1,train,images/CAND_225.txt,VALID
CAND_226,images/CAND_226.jpg,cma,150537,other,MEDIUM,CC0 1.0 Universal (Public Domain),1090,893,1090,893,875f16f893daf4774ac8995816b5678a4b7f768e3b48833bb601e94b40946131,train,images/CAND_226.txt,VALID
